Date ,Day,Time,Pred(Ft),Pred(cm),High/Low
2018-01-01,Mon,12:58 AM,6.79,207,H
2018-01-01,Mon,6:08 AM,2.53,77,L
2018-01-01,Mon,12:12 PM,9.22,281,H
2018-01-01,Mon,7:10 PM,-1.6,-49,L
2018-01-02,Tue,1:49 AM,7.11,217,H
2018-01-02,Tue,7:01 AM,2.46,75,L
2018-01-02,Tue,1:01 PM,9.29,283,H
2018-01-02,Tue,7:57 PM,-1.77,-54,L
2018-01-03,Wed,2:37 AM,7.32,223,H
2018-01-03,Wed,7:53 AM,2.38,73,L
2018-01-03,Wed,1:51 PM,9.13,278,H
2018-01-03,Wed,8:44 PM,-1.67,-51,L
2018-01-04,Thu,3:25 AM,7.44,227,H
2018-01-04,Thu,8:47 AM,2.32,71,L
2018-01-04,Thu,2:42 PM,8.73,266,H
2018-01-04,Thu,9:31 PM,-1.33,-41,L
2018-01-05,Fri,4:13 AM,7.48,228,H
2018-01-05,Fri,9:43 AM,2.28,69,L
2018-01-05,Fri,3:35 PM,8.11,247,H
2018-01-05,Fri,10:18 PM,-0.79,-24,L
2018-01-06,Sat,5:02 AM,7.47,228,H
2018-01-06,Sat,10:43 AM,2.26,69,L
2018-01-06,Sat,4:31 PM,7.35,224,H
2018-01-06,Sat,11:05 PM,-0.1,-3,L
2018-01-07,Sun,5:51 AM,7.44,227,H
2018-01-07,Sun,11:47 AM,2.21,67,L
2018-01-07,Sun,5:32 PM,6.56,200,H
2018-01-07,Sun,11:55 PM,0.65,20,L
2018-01-08,Mon,6:42 AM,7.42,226,H
2018-01-08,Mon,12:57 PM,2.06,63,L
2018-01-08,Mon,6:42 PM,5.86,179,H
2018-01-09,Tue,12:47 AM,1.39,42,L
2018-01-09,Tue,7:33 AM,7.41,226,H
2018-01-09,Tue,2:09 PM,1.79,55,L
2018-01-09,Tue,8:00 PM,5.39,164,H
2018-01-10,Wed,1:43 AM,2.05,62,L
2018-01-10,Wed,8:24 AM,7.43,226,H
2018-01-10,Wed,3:16 PM,1.42,43,L
2018-01-10,Wed,9:22 PM,5.25,160,H
2018-01-11,Thu,2:43 AM,2.57,78,L
2018-01-11,Thu,9:13 AM,7.48,228,H
2018-01-11,Thu,4:15 PM,1.01,31,L
2018-01-11,Thu,10:37 PM,5.37,164,H
2018-01-12,Fri,3:42 AM,2.91,89,L
2018-01-12,Fri,10:00 AM,7.56,230,H
2018-01-12,Fri,5:05 PM,0.62,19,L
2018-01-12,Fri,11:38 PM,5.63,172,H
2018-01-13,Sat,4:36 AM,3.08,94,L
2018-01-13,Sat,10:44 AM,7.66,233,H
2018-01-13,Sat,5:47 PM,0.29,9,L
2018-01-14,Sun,12:25 AM,5.9,180,H
2018-01-14,Sun,5:25 AM,3.13,95,L
2018-01-14,Sun,11:25 AM,7.75,236,H
2018-01-14,Sun,6:26 PM,0.03,1,L
2018-01-15,Mon,1:05 AM,6.13,187,H
2018-01-15,Mon,6:08 AM,3.09,94,L
2018-01-15,Mon,12:04 PM,7.83,239,H
2018-01-15,Mon,7:01 PM,-0.17,-5,L
2018-01-16,Tue,1:41 AM,6.33,193,H
2018-01-16,Tue,6:48 AM,3.02,92,L
2018-01-16,Tue,12:41 PM,7.87,240,H
2018-01-16,Tue,7:36 PM,-0.29,-9,L
2018-01-17,Wed,2:15 AM,6.47,197,H
2018-01-17,Wed,7:26 AM,2.93,89,L
2018-01-17,Wed,1:17 PM,7.84,239,H
2018-01-17,Wed,8:09 PM,-0.34,-10,L
2018-01-18,Thu,2:48 AM,6.57,200,H
2018-01-18,Thu,8:03 AM,2.84,87,L
2018-01-18,Thu,1:52 PM,7.73,236,H
2018-01-18,Thu,8:42 PM,-0.29,-9,L
2018-01-19,Fri,3:21 AM,6.64,202,H
2018-01-19,Fri,8:41 AM,2.76,84,L
2018-01-19,Fri,2:28 PM,7.52,229,H
2018-01-19,Fri,9:14 PM,-0.14,-4,L
2018-01-20,Sat,3:54 AM,6.7,204,H
2018-01-20,Sat,9:20 AM,2.68,82,L
2018-01-20,Sat,3:06 PM,7.22,220,H
2018-01-20,Sat,9:47 PM,0.12,4,L
2018-01-21,Sun,4:28 AM,6.77,206,H
2018-01-21,Sun,10:04 AM,2.58,79,L
2018-01-21,Sun,3:48 PM,6.83,208,H
2018-01-21,Sun,10:22 PM,0.48,15,L
2018-01-22,Mon,5:04 AM,6.86,209,H
2018-01-22,Mon,10:54 AM,2.44,74,L
2018-01-22,Mon,4:36 PM,6.35,194,H
2018-01-22,Mon,10:59 PM,0.94,29,L
2018-01-23,Tue,5:43 AM,6.99,213,H
2018-01-23,Tue,11:51 AM,2.24,68,L
2018-01-23,Tue,5:35 PM,5.85,178,H
2018-01-23,Tue,11:41 PM,1.47,45,L
2018-01-24,Wed,6:27 AM,7.16,218,H
2018-01-24,Wed,12:57 PM,1.91,58,L
2018-01-24,Wed,6:49 PM,5.43,166,H
2018-01-25,Thu,12:31 AM,2.02,62,L
2018-01-25,Thu,7:16 AM,7.38,225,H
2018-01-25,Thu,2:08 PM,1.43,44,L
2018-01-25,Thu,8:15 PM,5.24,160,H
2018-01-26,Fri,1:33 AM,2.5,76,L
2018-01-26,Fri,8:12 AM,7.66,233,H
2018-01-26,Fri,3:17 PM,0.81,25,L
2018-01-26,Fri,9:40 PM,5.39,164,H
2018-01-27,Sat,2:44 AM,2.82,86,L
2018-01-27,Sat,9:10 AM,8,244,H
2018-01-27,Sat,4:19 PM,0.12,4,L
2018-01-27,Sat,10:54 PM,5.78,176,H
2018-01-28,Sun,3:55 AM,2.9,88,L
2018-01-28,Sun,10:09 AM,8.37,255,H
2018-01-28,Sun,5:15 PM,-0.54,-16,L
2018-01-28,Sun,11:54 PM,6.27,191,H
2018-01-29,Mon,4:59 AM,2.76,84,L
2018-01-29,Mon,11:06 AM,8.71,265,H
2018-01-29,Mon,6:07 PM,-1.07,-33,L
2018-01-30,Tue,12:46 AM,6.74,205,H
2018-01-30,Tue,5:58 AM,2.49,76,L
2018-01-30,Tue,12:00 PM,8.96,273,H
2018-01-30,Tue,6:55 PM,-1.41,-43,L
2018-01-31,Wed,1:32 AM,7.14,218,H
2018-01-31,Wed,6:52 AM,2.17,66,L
2018-01-31,Wed,12:53 PM,9.03,275,H
2018-01-31,Wed,7:41 PM,-1.5,-46,L
2018-02-01,Thu,2:16 AM,7.44,227,H
2018-02-01,Thu,7:44 AM,1.88,57,L
2018-02-01,Thu,1:43 PM,8.87,270,H
2018-02-01,Thu,8:25 PM,-1.34,-41,L
2018-02-02,Fri,2:59 AM,7.62,232,H
2018-02-02,Fri,8:35 AM,1.65,50,L
2018-02-02,Fri,2:33 PM,8.48,258,H
2018-02-02,Fri,9:08 PM,-0.95,-29,L
2018-02-03,Sat,3:41 AM,7.71,235,H
2018-02-03,Sat,9:26 AM,1.52,46,L
2018-02-03,Sat,3:23 PM,7.9,241,H
2018-02-03,Sat,9:51 PM,-0.37,-11,L
2018-02-04,Sun,4:24 AM,7.68,234,H
2018-02-04,Sun,10:19 AM,1.48,45,L
2018-02-04,Sun,4:15 PM,7.18,219,H
2018-02-04,Sun,10:33 PM,0.35,11,L
2018-02-05,Mon,5:06 AM,7.58,231,H
2018-02-05,Mon,11:16 AM,1.51,46,L
2018-02-05,Mon,5:11 PM,6.43,196,H
2018-02-05,Mon,11:16 PM,1.12,34,L
2018-02-06,Tue,5:51 AM,7.41,226,H
2018-02-06,Tue,12:16 PM,1.55,47,L
2018-02-06,Tue,6:14 PM,5.74,175,H
2018-02-07,Wed,12:03 AM,1.88,57,L
2018-02-07,Wed,6:38 AM,7.23,220,H
2018-02-07,Wed,1:22 PM,1.54,47,L
2018-02-07,Wed,7:28 PM,5.25,160,H
2018-02-08,Thu,12:56 AM,2.54,77,L
2018-02-08,Thu,7:29 AM,7.07,215,H
2018-02-08,Thu,2:31 PM,1.41,43,L
2018-02-08,Thu,8:51 PM,5.07,155,H
2018-02-09,Fri,1:59 AM,3.03,92,L
2018-02-09,Fri,8:25 AM,6.99,213,H
2018-02-09,Fri,3:36 PM,1.18,36,L
2018-02-09,Fri,10:12 PM,5.18,158,H
2018-02-10,Sat,3:08 AM,3.28,100,L
2018-02-10,Sat,9:21 AM,7.01,214,H
2018-02-10,Sat,4:32 PM,0.89,27,L
2018-02-10,Sat,11:15 PM,5.46,166,H
2018-02-11,Sun,4:11 AM,3.3,101,L
2018-02-11,Sun,10:13 AM,7.12,217,H
2018-02-11,Sun,5:20 PM,0.58,18,L
2018-02-12,Mon,12:02 AM,5.76,176,H
2018-02-12,Mon,5:05 AM,3.16,96,L
2018-02-12,Mon,11:01 AM,7.29,222,H
2018-02-12,Mon,6:01 PM,0.29,9,L
2018-02-13,Tue,12:39 AM,6.05,184,H
2018-02-13,Tue,5:50 AM,2.93,89,L
2018-02-13,Tue,11:45 AM,7.47,228,H
2018-02-13,Tue,6:37 PM,0.05,2,L
2018-02-14,Wed,1:12 AM,6.3,192,H
2018-02-14,Wed,6:30 AM,2.67,81,L
2018-02-14,Wed,12:25 PM,7.6,232,H
2018-02-14,Wed,7:11 PM,-0.12,-4,L
2018-02-15,Thu,1:43 AM,6.53,199,H
2018-02-15,Thu,7:08 AM,2.41,73,L
2018-02-15,Thu,1:03 PM,7.67,234,H
2018-02-15,Thu,7:44 PM,-0.19,-6,L
2018-02-16,Fri,2:14 AM,6.72,205,H
2018-02-16,Fri,7:45 AM,2.17,66,L
2018-02-16,Fri,1:40 PM,7.63,233,H
2018-02-16,Fri,8:15 PM,-0.14,-4,L
2018-02-17,Sat,2:44 AM,6.89,210,H
2018-02-17,Sat,8:22 AM,1.94,59,L
2018-02-17,Sat,2:17 PM,7.48,228,H
2018-02-17,Sat,8:46 PM,0.03,1,L
2018-02-18,Sun,3:14 AM,7.03,214,H
2018-02-18,Sun,9:01 AM,1.73,53,L
2018-02-18,Sun,2:56 PM,7.22,220,H
2018-02-18,Sun,9:18 PM,0.33,10,L
2018-02-19,Mon,3:46 AM,7.15,218,H
2018-02-19,Mon,9:42 AM,1.55,47,L
2018-02-19,Mon,3:39 PM,6.84,208,H
2018-02-19,Mon,9:51 PM,0.76,23,L
2018-02-20,Tue,4:19 AM,7.25,221,H
2018-02-20,Tue,10:29 AM,1.4,43,L
2018-02-20,Tue,4:28 PM,6.38,194,H
2018-02-20,Tue,10:27 PM,1.27,39,L
2018-02-21,Wed,4:56 AM,7.33,223,H
2018-02-21,Wed,11:22 AM,1.27,39,L
2018-02-21,Wed,5:26 PM,5.88,179,H
2018-02-21,Wed,11:09 PM,1.84,56,L
2018-02-22,Thu,5:40 AM,7.37,225,H
2018-02-22,Thu,12:25 PM,1.12,34,L
2018-02-22,Thu,6:38 PM,5.45,166,H
2018-02-23,Fri,12:01 AM,2.41,73,L
2018-02-23,Fri,6:33 AM,7.39,225,H
2018-02-23,Fri,1:36 PM,0.89,27,L
2018-02-23,Fri,8:03 PM,5.26,160,H
2018-02-24,Sat,1:08 AM,2.86,87,L
2018-02-24,Sat,7:36 AM,7.44,227,H
2018-02-24,Sat,2:49 PM,0.53,16,L
2018-02-24,Sat,9:29 PM,5.42,165,H
2018-02-25,Sun,2:29 AM,3.06,93,L
2018-02-25,Sun,8:46 AM,7.59,231,H
2018-02-25,Sun,3:57 PM,0.07,2,L
2018-02-25,Sun,10:41 PM,5.83,178,H
2018-02-26,Mon,3:47 AM,2.93,89,L
2018-02-26,Mon,9:54 AM,7.84,239,H
2018-02-26,Mon,4:57 PM,-0.39,-12,L
2018-02-26,Mon,11:38 PM,6.33,193,H
2018-02-27,Tue,4:54 AM,2.55,78,L
2018-02-27,Tue,10:57 AM,8.13,248,H
2018-02-27,Tue,5:49 PM,-0.75,-23,L
2018-02-28,Wed,12:26 AM,6.82,208,H
2018-02-28,Wed,5:52 AM,2.04,62,L
2018-02-28,Wed,11:54 AM,8.35,255,H
2018-02-28,Wed,6:37 PM,-0.94,-29,L
2018-03-01,Thu,1:08 AM,7.24,221,H
2018-03-01,Thu,6:44 AM,1.53,47,L
2018-03-01,Thu,12:46 PM,8.41,256,H
2018-03-01,Thu,7:21 PM,-0.92,-28,L
2018-03-02,Fri,1:48 AM,7.56,230,H
2018-03-02,Fri,7:33 AM,1.1,34,L
2018-03-02,Fri,1:36 PM,8.29,253,H
2018-03-02,Fri,8:02 PM,-0.69,-21,L
2018-03-03,Sat,2:27 AM,7.75,236,H
2018-03-03,Sat,8:20 AM,0.8,24,L
2018-03-03,Sat,2:24 PM,7.96,243,H
2018-03-03,Sat,8:42 PM,-0.25,-8,L
2018-03-04,Sun,3:04 AM,7.8,238,H
2018-03-04,Sun,9:06 AM,0.65,20,L
2018-03-04,Sun,3:12 PM,7.48,228,H
2018-03-04,Sun,9:21 PM,0.32,10,L
2018-03-05,Mon,3:41 AM,7.72,235,H
2018-03-05,Mon,9:53 AM,0.65,20,L
2018-03-05,Mon,4:00 PM,6.89,210,H
2018-03-05,Mon,9:59 PM,0.99,30,L
2018-03-06,Tue,4:19 AM,7.53,230,H
2018-03-06,Tue,10:41 AM,0.77,23,L
2018-03-06,Tue,4:51 PM,6.28,191,H
2018-03-06,Tue,10:39 PM,1.68,51,L
2018-03-07,Wed,4:58 AM,7.25,221,H
2018-03-07,Wed,11:33 AM,0.96,29,L
2018-03-07,Wed,5:48 PM,5.71,174,H
2018-03-07,Wed,11:22 PM,2.34,71,L
2018-03-08,Thu,5:41 AM,6.93,211,H
2018-03-08,Thu,12:31 PM,1.16,35,L
2018-03-08,Thu,6:55 PM,5.28,161,H
2018-03-09,Fri,12:14 AM,2.89,88,L
2018-03-09,Fri,6:32 AM,6.62,202,H
2018-03-09,Fri,1:36 PM,1.28,39,L
2018-03-09,Fri,8:14 PM,5.08,155,H
2018-03-10,Sat,1:20 AM,3.27,100,L
2018-03-10,Sat,7:31 AM,6.41,195,H
2018-03-10,Sat,2:45 PM,1.26,38,L
2018-03-10,Sat,9:34 PM,5.15,157,H
2018-03-11,Sun,3:37 AM,3.38,103,L
2018-03-11,Sun,9:37 AM,6.35,194,H
2018-03-11,Sun,4:48 PM,1.08,33,L
2018-03-11,Sun,11:38 PM,5.4,165,H
2018-03-12,Mon,4:47 AM,3.24,99,L
2018-03-12,Mon,10:40 AM,6.46,197,H
2018-03-12,Mon,5:41 PM,0.82,25,L
2018-03-13,Tue,12:24 AM,5.71,174,H
2018-03-13,Tue,5:43 AM,2.92,89,L
2018-03-13,Tue,11:35 AM,6.68,204,H
2018-03-13,Tue,6:25 PM,0.56,17,L
2018-03-14,Wed,1:00 AM,6.03,184,H
2018-03-14,Wed,6:29 AM,2.52,77,L
2018-03-14,Wed,12:23 PM,6.93,211,H
2018-03-14,Wed,7:03 PM,0.33,10,L
2018-03-15,Thu,1:32 AM,6.36,194,H
2018-03-15,Thu,7:09 AM,2.09,64,L
2018-03-15,Thu,1:06 PM,7.15,218,H
2018-03-15,Thu,7:38 PM,0.18,5,L
2018-03-16,Fri,2:03 AM,6.66,203,H
2018-03-16,Fri,7:47 AM,1.66,51,L
2018-03-16,Fri,1:46 PM,7.29,222,H
2018-03-16,Fri,8:11 PM,0.15,5,L
2018-03-17,Sat,2:32 AM,6.95,212,H
2018-03-17,Sat,8:24 AM,1.25,38,L
2018-03-17,Sat,2:26 PM,7.33,223,H
2018-03-17,Sat,8:43 PM,0.24,7,L
2018-03-18,Sun,3:02 AM,7.2,219,H
2018-03-18,Sun,9:02 AM,0.88,27,L
2018-03-18,Sun,3:07 PM,7.26,221,H
2018-03-18,Sun,9:16 PM,0.46,14,L
2018-03-19,Mon,3:32 AM,7.41,226,H
2018-03-19,Mon,9:41 AM,0.57,17,L
2018-03-19,Mon,3:49 PM,7.06,215,H
2018-03-19,Mon,9:49 PM,0.8,24,L
2018-03-20,Tue,4:04 AM,7.55,230,H
2018-03-20,Tue,10:23 AM,0.35,11,L
2018-03-20,Tue,4:35 PM,6.74,205,H
2018-03-20,Tue,10:24 PM,1.24,38,L
2018-03-21,Wed,4:38 AM,7.61,232,H
2018-03-21,Wed,11:09 AM,0.24,7,L
2018-03-21,Wed,5:26 PM,6.34,193,H
2018-03-21,Wed,11:03 PM,1.75,53,L
2018-03-22,Thu,5:18 AM,7.56,230,H
2018-03-22,Thu,12:01 PM,0.24,7,L
2018-03-22,Thu,6:25 PM,5.92,180,H
2018-03-22,Thu,11:49 PM,2.27,69,L
2018-03-23,Fri,6:04 AM,7.42,226,H
2018-03-23,Fri,1:01 PM,0.29,9,L
2018-03-23,Fri,7:36 PM,5.58,170,H
2018-03-24,Sat,12:47 AM,2.73,83,L
2018-03-24,Sat,7:02 AM,7.21,220,H
2018-03-24,Sat,2:10 PM,0.33,10,L
2018-03-24,Sat,8:57 PM,5.48,167,H
2018-03-25,Sun,2:03 AM,3.02,92,L
2018-03-25,Sun,8:13 AM,7.02,214,H
2018-03-25,Sun,3:24 PM,0.26,8,L
2018-03-25,Sun,10:16 PM,5.68,173,H
2018-03-26,Mon,3:29 AM,2.98,91,L
2018-03-26,Mon,9:31 AM,6.98,213,H
2018-03-26,Mon,4:34 PM,0.07,2,L
2018-03-26,Mon,11:21 PM,6.08,185,H
2018-03-27,Tue,4:47 AM,2.59,79,L
2018-03-27,Tue,10:45 AM,7.12,217,H
2018-03-27,Tue,5:34 PM,-0.13,-4,L
2018-03-28,Wed,12:13 AM,6.55,200,H
2018-03-28,Wed,5:52 AM,1.99,61,L
2018-03-28,Wed,11:50 AM,7.33,223,H
2018-03-28,Wed,6:26 PM,-0.26,-8,L
2018-03-29,Thu,12:58 AM,7,213,H
2018-03-29,Thu,6:46 AM,1.34,41,L
2018-03-29,Thu,12:48 PM,7.5,229,H
2018-03-29,Thu,7:13 PM,-0.26,-8,L
2018-03-30,Fri,1:38 AM,7.39,225,H
2018-03-30,Fri,7:35 AM,0.74,23,L
2018-03-30,Fri,1:40 PM,7.56,230,H
2018-03-30,Fri,7:55 PM,-0.1,-3,L
2018-03-31,Sat,2:15 AM,7.66,233,H
2018-03-31,Sat,8:20 AM,0.28,9,L
2018-03-31,Sat,2:29 PM,7.48,228,H
2018-03-31,Sat,8:35 PM,0.2,6,L
2018-04-01,Sun,2:50 AM,7.79,237,H
2018-04-01,Sun,9:03 AM,-0.02,-1,L
2018-04-01,Sun,3:15 PM,7.26,221,H
2018-04-01,Sun,9:13 PM,0.63,19,L
2018-04-02,Mon,3:25 AM,7.79,237,H
2018-04-02,Mon,9:45 AM,-0.14,-4,L
2018-04-02,Mon,4:01 PM,6.94,212,H
2018-04-02,Mon,9:50 PM,1.14,35,L
2018-04-03,Tue,3:59 AM,7.64,233,H
2018-04-03,Tue,10:26 AM,-0.09,-3,L
2018-04-03,Tue,4:46 PM,6.54,199,H
2018-04-03,Tue,10:27 PM,1.69,52,L
2018-04-04,Wed,4:33 AM,7.38,225,H
2018-04-04,Wed,11:09 AM,0.1,3,L
2018-04-04,Wed,5:34 PM,6.12,187,H
2018-04-04,Wed,11:05 PM,2.22,68,L
2018-04-05,Thu,5:09 AM,7.03,214,H
2018-04-05,Thu,11:54 AM,0.37,11,L
2018-04-05,Thu,6:26 PM,5.71,174,H
2018-04-05,Thu,11:48 PM,2.7,82,L
2018-04-06,Fri,5:49 AM,6.64,202,H
2018-04-06,Fri,12:45 PM,0.68,21,L
2018-04-06,Fri,7:26 PM,5.38,164,H
2018-04-07,Sat,12:39 AM,3.08,94,L
2018-04-07,Sat,6:37 AM,6.25,190,H
2018-04-07,Sat,1:43 PM,0.95,29,L
2018-04-07,Sat,8:35 PM,5.21,159,H
2018-04-08,Sun,1:47 AM,3.31,101,L
2018-04-08,Sun,7:38 AM,5.93,181,H
2018-04-08,Sun,2:48 PM,1.09,33,L
2018-04-08,Sun,9:46 PM,5.25,160,H
2018-04-09,Mon,3:06 AM,3.3,101,L
2018-04-09,Mon,8:49 AM,5.76,176,H
2018-04-09,Mon,3:52 PM,1.09,33,L
2018-04-09,Mon,10:46 PM,5.46,166,H
2018-04-10,Tue,4:18 AM,3.02,92,L
2018-04-10,Tue,9:59 AM,5.8,177,H
2018-04-10,Tue,4:49 PM,0.96,29,L
2018-04-10,Tue,11:33 PM,5.76,176,H
2018-04-11,Wed,5:16 AM,2.57,78,L
2018-04-11,Wed,11:01 AM,5.99,183,H
2018-04-11,Wed,5:37 PM,0.81,25,L
2018-04-12,Thu,12:11 AM,6.12,187,H
2018-04-12,Thu,6:03 AM,2.02,62,L
2018-04-12,Thu,11:55 AM,6.26,191,H
2018-04-12,Thu,6:19 PM,0.68,21,L
2018-04-13,Fri,12:44 AM,6.51,198,H
2018-04-13,Fri,6:44 AM,1.43,44,L
2018-04-13,Fri,12:43 PM,6.52,199,H
2018-04-13,Fri,6:57 PM,0.62,19,L
2018-04-14,Sat,1:16 AM,6.9,210,H
2018-04-14,Sat,7:23 AM,0.83,25,L
2018-04-14,Sat,1:28 PM,6.74,205,H
2018-04-14,Sat,7:32 PM,0.66,20,L
2018-04-15,Sun,1:47 AM,7.26,221,H
2018-04-15,Sun,8:02 AM,0.27,8,L
2018-04-15,Sun,2:12 PM,6.87,209,H
2018-04-15,Sun,8:08 PM,0.8,24,L
2018-04-16,Mon,2:19 AM,7.58,231,H
2018-04-16,Mon,8:41 AM,-0.22,-7,L
2018-04-16,Mon,2:57 PM,6.9,210,H
2018-04-16,Mon,8:44 PM,1.04,32,L
2018-04-17,Tue,2:52 AM,7.81,238,H
2018-04-17,Tue,9:22 AM,-0.58,-18,L
2018-04-17,Tue,3:43 PM,6.81,208,H
2018-04-17,Tue,9:22 PM,1.37,42,L
2018-04-18,Wed,3:27 AM,7.93,242,H
2018-04-18,Wed,10:05 AM,-0.79,-24,L
2018-04-18,Wed,4:33 PM,6.6,201,H
2018-04-18,Wed,10:02 PM,1.76,54,L
2018-04-19,Thu,4:06 AM,7.89,240,H
2018-04-19,Thu,10:53 AM,-0.81,-25,L
2018-04-19,Thu,5:26 PM,6.33,193,H
2018-04-19,Thu,10:47 PM,2.16,66,L
2018-04-20,Fri,4:50 AM,7.7,235,H
2018-04-20,Fri,11:45 AM,-0.68,-21,L
2018-04-20,Fri,6:26 PM,6.04,184,H
2018-04-20,Fri,11:41 PM,2.54,77,L
2018-04-21,Sat,5:42 AM,7.35,224,H
2018-04-21,Sat,12:43 PM,-0.44,-13,L
2018-04-21,Sat,7:34 PM,5.86,179,H
2018-04-22,Sun,12:47 AM,2.82,86,L
2018-04-22,Sun,6:44 AM,6.92,211,H
2018-04-22,Sun,1:49 PM,-0.18,-5,L
2018-04-22,Sun,8:45 PM,5.87,179,H
2018-04-23,Mon,2:07 AM,2.86,87,L
2018-04-23,Mon,7:59 AM,6.54,199,H
2018-04-23,Mon,2:58 PM,0.03,1,L
2018-04-23,Mon,9:54 PM,6.08,185,H
2018-04-24,Tue,3:31 AM,2.56,78,L
2018-04-24,Tue,9:20 AM,6.32,193,H
2018-04-24,Tue,4:05 PM,0.14,4,L
2018-04-24,Tue,10:52 PM,6.44,196,H
2018-04-25,Wed,4:45 AM,1.99,61,L
2018-04-25,Wed,10:36 AM,6.32,193,H
2018-04-25,Wed,5:04 PM,0.23,7,L
2018-04-25,Wed,11:41 PM,6.84,208,H
2018-04-26,Thu,5:46 AM,1.29,39,L
2018-04-26,Thu,11:43 AM,6.43,196,H
2018-04-26,Thu,5:57 PM,0.35,11,L
2018-04-27,Fri,12:24 AM,7.22,220,H
2018-04-27,Fri,6:37 AM,0.62,19,L
2018-04-27,Fri,12:42 PM,6.56,200,H
2018-04-27,Fri,6:43 PM,0.54,16,L
2018-04-28,Sat,1:03 AM,7.51,229,H
2018-04-28,Sat,7:23 AM,0.04,1,L
2018-04-28,Sat,1:35 PM,6.64,202,H
2018-04-28,Sat,7:25 PM,0.81,25,L
2018-04-29,Sun,1:39 AM,7.69,234,H
2018-04-29,Sun,8:05 AM,-0.38,-12,L
2018-04-29,Sun,2:22 PM,6.64,202,H
2018-04-29,Sun,8:05 PM,1.13,34,L
2018-04-30,Mon,2:13 AM,7.74,236,H
2018-04-30,Mon,8:45 AM,-0.62,-19,L
2018-04-30,Mon,3:08 PM,6.56,200,H
2018-04-30,Mon,8:43 PM,1.5,46,L
2018-05-01,Tue,2:46 AM,7.67,234,H
2018-05-01,Tue,9:23 AM,-0.69,-21,L
2018-05-01,Tue,3:51 PM,6.41,195,H
2018-05-01,Tue,9:20 PM,1.88,57,L
2018-05-02,Wed,3:19 AM,7.48,228,H
2018-05-02,Wed,10:02 AM,-0.61,-19,L
2018-05-02,Wed,4:34 PM,6.2,189,H
2018-05-02,Wed,9:58 PM,2.25,69,L
2018-05-03,Thu,3:52 AM,7.2,219,H
2018-05-03,Thu,10:41 AM,-0.42,-13,L
2018-05-03,Thu,5:19 PM,5.96,182,H
2018-05-03,Thu,10:37 PM,2.59,79,L
2018-05-04,Fri,4:27 AM,6.85,209,H
2018-05-04,Fri,11:22 AM,-0.14,-4,L
2018-05-04,Fri,6:07 PM,5.71,174,H
2018-05-04,Fri,11:20 PM,2.88,88,L
2018-05-05,Sat,5:06 AM,6.45,197,H
2018-05-05,Sat,12:06 PM,0.18,5,L
2018-05-05,Sat,6:59 PM,5.51,168,H
2018-05-06,Sun,12:11 AM,3.1,94,L
2018-05-06,Sun,5:52 AM,6.04,184,H
2018-05-06,Sun,12:56 PM,0.49,15,L
2018-05-06,Sun,7:57 PM,5.4,165,H
2018-05-07,Mon,1:15 AM,3.19,97,L
2018-05-07,Mon,6:49 AM,5.65,172,H
2018-05-07,Mon,1:52 PM,0.74,23,L
2018-05-07,Mon,8:55 PM,5.44,166,H
2018-05-08,Tue,2:30 AM,3.08,94,L
2018-05-08,Tue,7:58 AM,5.36,163,H
2018-05-08,Tue,2:51 PM,0.9,27,L
2018-05-08,Tue,9:49 PM,5.63,172,H
2018-05-09,Wed,3:41 AM,2.74,84,L
2018-05-09,Wed,9:12 AM,5.26,160,H
2018-05-09,Wed,3:48 PM,0.99,30,L
2018-05-09,Wed,10:36 PM,5.93,181,H
2018-05-10,Thu,4:41 AM,2.2,67,L
2018-05-10,Thu,10:21 AM,5.34,163,H
2018-05-10,Thu,4:40 PM,1.02,31,L
2018-05-10,Thu,11:16 PM,6.31,192,H
2018-05-11,Fri,5:31 AM,1.54,47,L
2018-05-11,Fri,11:23 AM,5.57,170,H
2018-05-11,Fri,5:26 PM,1.06,32,L
2018-05-11,Fri,11:52 PM,6.74,205,H
2018-05-12,Sat,6:15 AM,0.81,25,L
2018-05-12,Sat,12:18 PM,5.86,179,H
2018-05-12,Sat,6:10 PM,1.13,34,L
2018-05-13,Sun,12:28 AM,7.19,219,H
2018-05-13,Sun,6:57 AM,0.08,2,L
2018-05-13,Sun,1:10 PM,6.14,187,H
2018-05-13,Sun,6:51 PM,1.24,38,L
2018-05-14,Mon,1:03 AM,7.61,232,H
2018-05-14,Mon,7:39 AM,-0.59,-18,L
2018-05-14,Mon,1:59 PM,6.38,194,H
2018-05-14,Mon,7:32 PM,1.4,43,L
2018-05-15,Tue,1:39 AM,7.96,243,H
2018-05-15,Tue,8:21 AM,-1.14,-35,L
2018-05-15,Tue,2:48 PM,6.53,199,H
2018-05-15,Tue,8:15 PM,1.6,49,L
2018-05-16,Wed,2:18 AM,8.18,249,H
2018-05-16,Wed,9:05 AM,-1.51,-46,L
2018-05-16,Wed,3:38 PM,6.57,200,H
2018-05-16,Wed,8:58 PM,1.82,55,L
2018-05-17,Thu,2:59 AM,8.24,251,H
2018-05-17,Thu,9:50 AM,-1.67,-51,L
2018-05-17,Thu,4:29 PM,6.52,199,H
2018-05-17,Thu,9:45 PM,2.07,63,L
2018-05-18,Fri,3:43 AM,8.1,247,H
2018-05-18,Fri,10:39 AM,-1.6,-49,L
2018-05-18,Fri,5:23 PM,6.41,195,H
2018-05-18,Fri,10:37 PM,2.3,70,L
2018-05-19,Sat,4:33 AM,7.75,236,H
2018-05-19,Sat,11:31 AM,-1.35,-41,L
2018-05-19,Sat,6:20 PM,6.29,192,H
2018-05-19,Sat,11:37 PM,2.48,76,L
2018-05-20,Sun,5:28 AM,7.24,221,H
2018-05-20,Sun,12:27 PM,-0.96,-29,L
2018-05-20,Sun,7:21 PM,6.25,190,H
2018-05-21,Mon,12:46 AM,2.54,77,L
2018-05-21,Mon,6:33 AM,6.65,203,H
2018-05-21,Mon,1:26 PM,-0.51,-16,L
2018-05-21,Mon,8:23 PM,6.32,193,H
2018-05-22,Tue,2:05 AM,2.38,73,L
2018-05-22,Tue,7:47 AM,6.09,186,H
2018-05-22,Tue,2:29 PM,-0.06,-2,L
2018-05-22,Tue,9:23 PM,6.51,198,H
2018-05-23,Wed,3:24 AM,1.97,60,L
2018-05-23,Wed,9:07 AM,5.72,174,H
2018-05-23,Wed,3:31 PM,0.35,11,L
2018-05-23,Wed,10:17 PM,6.79,207,H
2018-05-24,Thu,4:34 AM,1.36,41,L
2018-05-24,Thu,10:24 AM,5.57,170,H
2018-05-24,Thu,4:29 PM,0.71,22,L
2018-05-24,Thu,11:05 PM,7.08,216,H
2018-05-25,Fri,5:33 AM,0.7,21,L
2018-05-25,Fri,11:35 AM,5.61,171,H
2018-05-25,Fri,5:23 PM,1.04,32,L
2018-05-25,Fri,11:48 PM,7.34,224,H
2018-05-26,Sat,6:24 AM,0.09,3,L
2018-05-26,Sat,12:36 PM,5.73,175,H
2018-05-26,Sat,6:11 PM,1.35,41,L
2018-05-27,Sun,12:28 AM,7.52,229,H
2018-05-27,Sun,7:08 AM,-0.39,-12,L
2018-05-27,Sun,1:29 PM,5.87,179,H
2018-05-27,Sun,6:55 PM,1.64,50,L
2018-05-28,Mon,1:04 AM,7.6,232,H
2018-05-28,Mon,7:49 AM,-0.72,-22,L
2018-05-28,Mon,2:16 PM,5.97,182,H
2018-05-28,Mon,7:36 PM,1.91,58,L
2018-05-29,Tue,1:39 AM,7.59,231,H
2018-05-29,Tue,8:27 AM,-0.9,-27,L
2018-05-29,Tue,3:00 PM,6.02,183,H
2018-05-29,Tue,8:16 PM,2.15,66,L
2018-05-30,Wed,2:13 AM,7.49,228,H
2018-05-30,Wed,9:03 AM,-0.95,-29,L
2018-05-30,Wed,3:41 PM,6.01,183,H
2018-05-30,Wed,8:54 PM,2.36,72,L
2018-05-31,Thu,2:47 AM,7.31,223,H
2018-05-31,Thu,9:40 AM,-0.88,-27,L
2018-05-31,Thu,4:21 PM,5.95,181,H
2018-05-31,Thu,9:33 PM,2.55,78,L
2018-06-01,Fri,3:21 AM,7.07,215,H
2018-06-01,Fri,10:17 AM,-0.73,-22,L
2018-06-01,Fri,5:02 PM,5.85,178,H
2018-06-01,Fri,10:13 PM,2.71,83,L
2018-06-02,Sat,3:57 AM,6.76,206,H
2018-06-02,Sat,10:55 AM,-0.5,-15,L
2018-06-02,Sat,5:45 PM,5.74,175,H
2018-06-02,Sat,10:56 PM,2.84,87,L
2018-06-03,Sun,4:35 AM,6.4,195,H
2018-06-03,Sun,11:35 AM,-0.23,-7,L
2018-06-03,Sun,6:30 PM,5.65,172,H
2018-06-03,Sun,11:45 PM,2.92,89,L
2018-06-04,Mon,5:19 AM,5.99,183,H
2018-06-04,Mon,12:17 PM,0.07,2,L
2018-06-04,Mon,7:17 PM,5.62,171,H
2018-06-05,Tue,12:42 AM,2.91,89,L
2018-06-05,Tue,6:10 AM,5.57,170,H
2018-06-05,Tue,1:03 PM,0.39,12,L
2018-06-05,Tue,8:05 PM,5.69,173,H
2018-06-06,Wed,1:48 AM,2.75,84,L
2018-06-06,Wed,7:12 AM,5.19,158,H
2018-06-06,Wed,1:53 PM,0.69,21,L
2018-06-06,Wed,8:52 PM,5.87,179,H
2018-06-07,Thu,2:57 AM,2.39,73,L
2018-06-07,Thu,8:25 AM,4.93,150,H
2018-06-07,Thu,2:45 PM,0.98,30,L
2018-06-07,Thu,9:37 PM,6.17,188,H
2018-06-08,Fri,4:00 AM,1.82,55,L
2018-06-08,Fri,9:40 AM,4.87,148,H
2018-06-08,Fri,3:39 PM,1.24,38,L
2018-06-08,Fri,10:20 PM,6.55,200,H
2018-06-09,Sat,4:55 AM,1.11,34,L
2018-06-09,Sat,10:51 AM,5.02,153,H
2018-06-09,Sat,4:32 PM,1.46,45,L
2018-06-09,Sat,11:01 PM,7,213,H
2018-06-10,Sun,5:44 AM,0.32,10,L
2018-06-10,Sun,11:55 AM,5.3,162,H
2018-06-10,Sun,5:23 PM,1.63,50,L
2018-06-10,Sun,11:42 PM,7.46,227,H
2018-06-11,Mon,6:31 AM,-0.46,-14,L
2018-06-11,Mon,12:53 PM,5.66,173,H
2018-06-11,Mon,6:13 PM,1.76,54,L
2018-06-12,Tue,12:24 AM,7.89,240,H
2018-06-12,Tue,7:17 AM,-1.16,-35,L
2018-06-12,Tue,1:47 PM,5.99,183,H
2018-06-12,Tue,7:02 PM,1.86,57,L
2018-06-13,Wed,1:07 AM,8.24,251,H
2018-06-13,Wed,8:03 AM,-1.71,-52,L
2018-06-13,Wed,2:38 PM,6.26,191,H
2018-06-13,Wed,7:51 PM,1.93,59,L
2018-06-14,Thu,1:52 AM,8.43,257,H
2018-06-14,Thu,8:49 AM,-2.05,-62,L
2018-06-14,Thu,3:28 PM,6.45,197,H
2018-06-14,Thu,8:41 PM,1.98,60,L
2018-06-15,Fri,2:40 AM,8.43,257,H
2018-06-15,Fri,9:36 AM,-2.15,-66,L
2018-06-15,Fri,4:19 PM,6.55,200,H
2018-06-15,Fri,9:33 PM,2.03,62,L
2018-06-16,Sat,3:29 AM,8.21,250,H
2018-06-16,Sat,10:25 AM,-2.02,-62,L
2018-06-16,Sat,5:10 PM,6.59,201,H
2018-06-16,Sat,10:29 PM,2.06,63,L
2018-06-17,Sun,4:22 AM,7.77,237,H
2018-06-17,Sun,11:15 AM,-1.67,-51,L
2018-06-17,Sun,6:03 PM,6.61,201,H
2018-06-17,Sun,11:29 PM,2.06,63,L
2018-06-18,Mon,5:19 AM,7.15,218,H
2018-06-18,Mon,12:06 PM,-1.16,-35,L
2018-06-18,Mon,6:56 PM,6.64,202,H
2018-06-19,Tue,12:37 AM,1.99,61,L
2018-06-19,Tue,6:22 AM,6.44,196,H
2018-06-19,Tue,1:00 PM,-0.54,-16,L
2018-06-19,Tue,7:51 PM,6.71,205,H
2018-06-20,Wed,1:50 AM,1.78,54,L
2018-06-20,Wed,7:32 AM,5.76,176,H
2018-06-20,Wed,1:56 PM,0.12,4,L
2018-06-20,Wed,8:45 PM,6.83,208,H
2018-06-21,Thu,3:04 AM,1.4,43,L
2018-06-21,Thu,8:50 AM,5.26,160,H
2018-06-21,Thu,2:54 PM,0.74,23,L
2018-06-21,Thu,9:37 PM,6.98,213,H
2018-06-22,Fri,4:13 AM,0.9,27,L
2018-06-22,Fri,10:09 AM,5.02,153,H
2018-06-22,Fri,3:52 PM,1.28,39,L
2018-06-22,Fri,10:26 PM,7.13,217,H
2018-06-23,Sat,5:13 AM,0.38,12,L
2018-06-23,Sat,11:23 AM,5.03,153,H
2018-06-23,Sat,4:48 PM,1.71,52,L
2018-06-23,Sat,11:12 PM,7.26,221,H
2018-06-24,Sun,6:05 AM,-0.1,-3,L
2018-06-24,Sun,12:28 PM,5.2,158,H
2018-06-24,Sun,5:40 PM,2.02,62,L
2018-06-24,Sun,11:54 PM,7.34,224,H
2018-06-25,Mon,6:50 AM,-0.47,-14,L
2018-06-25,Mon,1:22 PM,5.4,165,H
2018-06-25,Mon,6:28 PM,2.24,68,L
2018-06-26,Tue,12:34 AM,7.38,225,H
2018-06-26,Tue,7:31 AM,-0.73,-22,L
2018-06-26,Tue,2:08 PM,5.59,170,H
2018-06-26,Tue,7:12 PM,2.37,72,L
2018-06-27,Wed,1:11 AM,7.37,225,H
2018-06-27,Wed,8:08 AM,-0.88,-27,L
2018-06-27,Wed,2:48 PM,5.72,174,H
2018-06-27,Wed,7:54 PM,2.45,75,L
2018-06-28,Thu,1:48 AM,7.3,223,H
2018-06-28,Thu,8:44 AM,-0.94,-29,L
2018-06-28,Thu,3:26 PM,5.81,177,H
2018-06-28,Thu,8:33 PM,2.49,76,L
2018-06-29,Fri,2:24 AM,7.19,219,H
2018-06-29,Fri,9:19 AM,-0.92,-28,L
2018-06-29,Fri,4:02 PM,5.84,178,H
2018-06-29,Fri,9:12 PM,2.51,77,L
2018-06-30,Sat,2:59 AM,7.01,214,H
2018-06-30,Sat,9:54 AM,-0.82,-25,L
2018-06-30,Sat,4:39 PM,5.85,178,H
2018-06-30,Sat,9:51 PM,2.53,77,L
2018-07-01,Sun,3:35 AM,6.77,206,H
2018-07-01,Sun,10:29 AM,-0.66,-20,L
2018-07-01,Sun,5:15 PM,5.84,178,H
2018-07-01,Sun,10:32 PM,2.54,77,L
2018-07-02,Mon,4:13 AM,6.45,197,H
2018-07-02,Mon,11:04 AM,-0.42,-13,L
2018-07-02,Mon,5:53 PM,5.84,178,H
2018-07-02,Mon,11:17 PM,2.52,77,L
2018-07-03,Tue,4:54 AM,6.07,185,H
2018-07-03,Tue,11:41 AM,-0.11,-3,L
2018-07-03,Tue,6:32 PM,5.88,179,H
2018-07-04,Wed,12:08 AM,2.44,74,L
2018-07-04,Wed,5:41 AM,5.64,172,H
2018-07-04,Wed,12:20 PM,0.27,8,L
2018-07-04,Wed,7:13 PM,5.98,182,H
2018-07-05,Thu,1:06 AM,2.26,69,L
2018-07-05,Thu,6:38 AM,5.2,158,H
2018-07-05,Thu,1:02 PM,0.69,21,L
2018-07-05,Thu,7:55 PM,6.15,187,H
2018-07-06,Fri,2:10 AM,1.94,59,L
2018-07-06,Fri,7:46 AM,4.84,148,H
2018-07-06,Fri,1:49 PM,1.13,34,L
2018-07-06,Fri,8:40 PM,6.41,195,H
2018-07-07,Sat,3:16 AM,1.43,44,L
2018-07-07,Sat,9:04 AM,4.65,142,H
2018-07-07,Sat,2:44 PM,1.55,47,L
2018-07-07,Sat,9:26 PM,6.75,206,H
2018-07-08,Sun,4:18 AM,0.77,23,L
2018-07-08,Sun,10:23 AM,4.72,144,H
2018-07-08,Sun,3:43 PM,1.88,57,L
2018-07-08,Sun,10:15 PM,7.16,218,H
2018-07-09,Mon,5:14 AM,0.02,1,L
2018-07-09,Mon,11:35 AM,5.01,153,H
2018-07-09,Mon,4:44 PM,2.08,63,L
2018-07-09,Mon,11:05 PM,7.59,231,H
2018-07-10,Tue,6:07 AM,-0.72,-22,L
2018-07-10,Tue,12:38 PM,5.41,165,H
2018-07-10,Tue,5:44 PM,2.14,65,L
2018-07-10,Tue,11:55 PM,8,244,H
2018-07-11,Wed,6:57 AM,-1.38,-42,L
2018-07-11,Wed,1:33 PM,5.83,178,H
2018-07-11,Wed,6:40 PM,2.09,64,L
2018-07-12,Thu,12:46 AM,8.33,254,H
2018-07-12,Thu,7:46 AM,-1.88,-57,L
2018-07-12,Thu,2:24 PM,6.21,189,H
2018-07-12,Thu,7:34 PM,1.95,59,L
2018-07-13,Fri,1:36 AM,8.51,259,H
2018-07-13,Fri,8:33 AM,-2.16,-66,L
2018-07-13,Fri,3:12 PM,6.51,198,H
2018-07-13,Fri,8:28 PM,1.78,54,L
2018-07-14,Sat,2:27 AM,8.48,258,H
2018-07-14,Sat,9:20 AM,-2.19,-67,L
2018-07-14,Sat,3:59 PM,6.73,205,H
2018-07-14,Sat,9:22 PM,1.62,49,L
2018-07-15,Sun,3:19 AM,8.22,251,H
2018-07-15,Sun,10:07 AM,-1.97,-60,L
2018-07-15,Sun,4:46 PM,6.87,209,H
2018-07-15,Sun,10:17 PM,1.49,45,L
2018-07-16,Mon,4:12 AM,7.73,236,H
2018-07-16,Mon,10:53 AM,-1.53,-47,L
2018-07-16,Mon,5:33 PM,6.95,212,H
2018-07-16,Mon,11:15 PM,1.4,43,L
2018-07-17,Tue,5:08 AM,7.06,215,H
2018-07-17,Tue,11:41 AM,-0.9,-27,L
2018-07-17,Tue,6:22 PM,6.98,213,H
2018-07-18,Wed,12:17 AM,1.31,40,L
2018-07-18,Wed,6:08 AM,6.3,192,H
2018-07-18,Wed,12:29 PM,-0.17,-5,L
2018-07-18,Wed,7:11 PM,6.97,212,H
2018-07-19,Thu,1:23 AM,1.19,36,L
2018-07-19,Thu,7:15 AM,5.57,170,H
2018-07-19,Thu,1:20 PM,0.6,18,L
2018-07-19,Thu,8:01 PM,6.95,212,H
2018-07-20,Fri,2:33 AM,1,30,L
2018-07-20,Fri,8:29 AM,5.03,153,H
2018-07-20,Fri,2:15 PM,1.32,40,L
2018-07-20,Fri,8:53 PM,6.93,211,H
2018-07-21,Sat,3:43 AM,0.71,22,L
2018-07-21,Sat,9:50 AM,4.76,145,H
2018-07-21,Sat,3:15 PM,1.9,58,L
2018-07-21,Sat,9:46 PM,6.93,211,H
2018-07-22,Sun,4:46 AM,0.38,12,L
2018-07-22,Sun,11:09 AM,4.8,146,H
2018-07-22,Sun,4:17 PM,2.3,70,L
2018-07-22,Sun,10:36 PM,6.95,212,H
2018-07-23,Mon,5:41 AM,0.05,2,L
2018-07-23,Mon,12:16 PM,5.01,153,H
2018-07-23,Mon,5:15 PM,2.51,77,L
2018-07-23,Mon,11:24 PM,7,213,H
2018-07-24,Tue,6:28 AM,-0.24,-7,L
2018-07-24,Tue,1:08 PM,5.26,160,H
2018-07-24,Tue,6:08 PM,2.56,78,L
2018-07-25,Wed,12:09 AM,7.07,215,H
2018-07-25,Wed,7:10 AM,-0.47,-14,L
2018-07-25,Wed,1:50 PM,5.49,167,H
2018-07-25,Wed,6:54 PM,2.51,77,L
2018-07-26,Thu,12:50 AM,7.12,217,H
2018-07-26,Thu,7:47 AM,-0.63,-19,L
2018-07-26,Thu,2:27 PM,5.68,173,H
2018-07-26,Thu,7:36 PM,2.41,73,L
2018-07-27,Fri,1:29 AM,7.15,218,H
2018-07-27,Fri,8:23 AM,-0.72,-22,L
2018-07-27,Fri,3:01 PM,5.83,178,H
2018-07-27,Fri,8:15 PM,2.29,70,L
2018-07-28,Sat,2:07 AM,7.12,217,H
2018-07-28,Sat,8:56 AM,-0.74,-23,L
2018-07-28,Sat,3:33 PM,5.94,181,H
2018-07-28,Sat,8:52 PM,2.18,66,L
2018-07-29,Sun,2:43 AM,7.02,214,H
2018-07-29,Sun,9:29 AM,-0.68,-21,L
2018-07-29,Sun,4:05 PM,6.03,184,H
2018-07-29,Sun,9:30 PM,2.08,63,L
2018-07-30,Mon,3:19 AM,6.83,208,H
2018-07-30,Mon,10:01 AM,-0.53,-16,L
2018-07-30,Mon,4:38 PM,6.09,186,H
2018-07-30,Mon,10:08 PM,1.98,60,L
2018-07-31,Tue,3:57 AM,6.56,200,H
2018-07-31,Tue,10:33 AM,-0.27,-8,L
2018-07-31,Tue,5:10 PM,6.16,188,H
2018-07-31,Tue,10:50 PM,1.89,58,L
2018-08-01,Wed,4:36 AM,6.2,189,H
2018-08-01,Wed,11:06 AM,0.08,2,L
2018-08-01,Wed,5:44 PM,6.23,190,H
2018-08-01,Wed,11:35 PM,1.77,54,L
2018-08-02,Thu,5:22 AM,5.78,176,H
2018-08-02,Thu,11:40 AM,0.52,16,L
2018-08-02,Thu,6:20 PM,6.33,193,H
2018-08-03,Fri,12:28 AM,1.61,49,L
2018-08-03,Fri,6:15 AM,5.33,162,H
2018-08-03,Fri,12:19 PM,1.02,31,L
2018-08-03,Fri,7:00 PM,6.46,197,H
2018-08-04,Sat,1:28 AM,1.38,42,L
2018-08-04,Sat,7:22 AM,4.92,150,H
2018-08-04,Sat,1:05 PM,1.54,47,L
2018-08-04,Sat,7:46 PM,6.64,202,H
2018-08-05,Sun,2:34 AM,1.02,31,L
2018-08-05,Sun,8:41 AM,4.69,143,H
2018-08-05,Sun,2:01 PM,2.01,61,L
2018-08-05,Sun,8:39 PM,6.86,209,H
2018-08-06,Mon,3:43 AM,0.52,16,L
2018-08-06,Mon,10:04 AM,4.73,144,H
2018-08-06,Mon,3:09 PM,2.34,71,L
2018-08-06,Mon,9:37 PM,7.16,218,H
2018-08-07,Tue,4:47 AM,-0.09,-3,L
2018-08-07,Tue,11:20 AM,5.04,154,H
2018-08-07,Tue,4:21 PM,2.45,75,L
2018-08-07,Tue,10:37 PM,7.51,229,H
2018-08-08,Wed,5:45 AM,-0.71,-22,L
2018-08-08,Wed,12:23 PM,5.5,168,H
2018-08-08,Wed,5:28 PM,2.33,71,L
2018-08-08,Wed,11:36 PM,7.88,240,H
2018-08-09,Thu,6:38 AM,-1.26,-38,L
2018-08-09,Thu,1:16 PM,5.98,182,H
2018-08-09,Thu,6:28 PM,2.03,62,L
2018-08-10,Fri,12:33 AM,8.2,250,H
2018-08-10,Fri,7:28 AM,-1.65,-50,L
2018-08-10,Fri,2:04 PM,6.42,196,H
2018-08-10,Fri,7:24 PM,1.65,50,L
2018-08-11,Sat,1:27 AM,8.38,255,H
2018-08-11,Sat,8:15 AM,-1.82,-55,L
2018-08-11,Sat,2:48 PM,6.79,207,H
2018-08-11,Sat,8:17 PM,1.28,39,L
2018-08-12,Sun,2:19 AM,8.34,254,H
2018-08-12,Sun,9:00 AM,-1.75,-53,L
2018-08-12,Sun,3:31 PM,7.07,215,H
2018-08-12,Sun,9:09 PM,0.96,29,L
2018-08-13,Mon,3:10 AM,8.08,246,H
2018-08-13,Mon,9:44 AM,-1.43,-44,L
2018-08-13,Mon,4:14 PM,7.24,221,H
2018-08-13,Mon,10:01 PM,0.75,23,L
2018-08-14,Tue,4:02 AM,7.59,231,H
2018-08-14,Tue,10:27 AM,-0.9,-27,L
2018-08-14,Tue,4:56 PM,7.3,223,H
2018-08-14,Tue,10:54 PM,0.65,20,L
2018-08-15,Wed,4:56 AM,6.95,212,H
2018-08-15,Wed,11:11 AM,-0.21,-6,L
2018-08-15,Wed,5:40 PM,7.25,221,H
2018-08-15,Wed,11:50 PM,0.66,20,L
2018-08-16,Thu,5:52 AM,6.23,190,H
2018-08-16,Thu,11:56 AM,0.56,17,L
2018-08-16,Thu,6:25 PM,7.1,216,H
2018-08-17,Fri,12:50 AM,0.71,22,L
2018-08-17,Fri,6:55 AM,5.56,169,H
2018-08-17,Fri,12:44 PM,1.33,41,L
2018-08-17,Fri,7:13 PM,6.9,210,H
2018-08-18,Sat,1:54 AM,0.76,23,L
2018-08-18,Sat,8:07 AM,5.05,154,H
2018-08-18,Sat,1:38 PM,2.01,61,L
2018-08-18,Sat,8:06 PM,6.7,204,H
2018-08-19,Sun,3:03 AM,0.74,23,L
2018-08-19,Sun,9:28 AM,4.83,147,H
2018-08-19,Sun,2:42 PM,2.52,77,L
2018-08-19,Sun,9:02 PM,6.55,200,H
2018-08-20,Mon,4:10 AM,0.61,19,L
2018-08-20,Mon,10:48 AM,4.88,149,H
2018-08-20,Mon,3:51 PM,2.78,85,L
2018-08-20,Mon,10:01 PM,6.51,198,H
2018-08-21,Tue,5:09 AM,0.41,12,L
2018-08-21,Tue,11:54 AM,5.12,156,H
2018-08-21,Tue,4:57 PM,2.8,85,L
2018-08-21,Tue,10:57 PM,6.58,201,H
2018-08-22,Wed,6:00 AM,0.18,5,L
2018-08-22,Wed,12:42 PM,5.39,164,H
2018-08-22,Wed,5:51 PM,2.65,81,L
2018-08-22,Wed,11:47 PM,6.71,205,H
2018-08-23,Thu,6:43 AM,-0.03,-1,L
2018-08-23,Thu,1:21 PM,5.64,172,H
2018-08-23,Thu,6:37 PM,2.41,73,L
2018-08-24,Fri,12:32 AM,6.87,209,H
2018-08-24,Fri,7:21 AM,-0.21,-6,L
2018-08-24,Fri,1:54 PM,5.88,179,H
2018-08-24,Fri,7:18 PM,2.14,65,L
2018-08-25,Sat,1:12 AM,6.99,213,H
2018-08-25,Sat,7:55 AM,-0.32,-10,L
2018-08-25,Sat,2:25 PM,6.09,186,H
2018-08-25,Sat,7:55 PM,1.88,57,L
2018-08-26,Sun,1:51 AM,7.05,215,H
2018-08-26,Sun,8:28 AM,-0.34,-10,L
2018-08-26,Sun,2:55 PM,6.27,191,H
2018-08-26,Sun,8:32 PM,1.63,50,L
2018-08-27,Mon,2:28 AM,7.02,214,H
2018-08-27,Mon,8:59 AM,-0.26,-8,L
2018-08-27,Mon,3:24 PM,6.43,196,H
2018-08-27,Mon,9:08 PM,1.42,43,L
2018-08-28,Tue,3:05 AM,6.89,210,H
2018-08-28,Tue,9:29 AM,-0.07,-2,L
2018-08-28,Tue,3:54 PM,6.55,200,H
2018-08-28,Tue,9:45 PM,1.23,37,L
2018-08-29,Wed,3:43 AM,6.67,203,H
2018-08-29,Wed,10:00 AM,0.23,7,L
2018-08-29,Wed,4:24 PM,6.66,203,H
2018-08-29,Wed,10:24 PM,1.08,33,L
2018-08-30,Thu,4:24 AM,6.35,194,H
2018-08-30,Thu,10:32 AM,0.64,20,L
2018-08-30,Thu,4:55 PM,6.73,205,H
2018-08-30,Thu,11:07 PM,0.96,29,L
2018-08-31,Fri,5:10 AM,5.96,182,H
2018-08-31,Fri,11:06 AM,1.12,34,L
2018-08-31,Fri,5:30 PM,6.79,207,H
2018-08-31,Fri,11:56 PM,0.86,26,L
2018-09-01,Sat,6:04 AM,5.53,169,H
2018-09-01,Sat,11:45 AM,1.64,50,L
2018-09-01,Sat,6:10 PM,6.82,208,H
2018-09-02,Sun,12:53 AM,0.77,23,L
2018-09-02,Sun,7:10 AM,5.16,157,H
2018-09-02,Sun,12:33 PM,2.15,66,L
2018-09-02,Sun,7:00 PM,6.83,208,H
2018-09-03,Mon,2:00 AM,0.62,19,L
2018-09-03,Mon,8:30 AM,4.96,151,H
2018-09-03,Mon,1:36 PM,2.57,78,L
2018-09-03,Mon,8:01 PM,6.87,209,H
2018-09-04,Tue,3:12 AM,0.35,11,L
2018-09-04,Tue,9:53 AM,5.05,154,H
2018-09-04,Tue,2:55 PM,2.78,85,L
2018-09-04,Tue,9:11 PM,7,213,H
2018-09-05,Wed,4:22 AM,-0.04,-1,L
2018-09-05,Wed,11:06 AM,5.41,165,H
2018-09-05,Wed,4:14 PM,2.66,81,L
2018-09-05,Wed,10:21 PM,7.25,221,H
2018-09-06,Thu,5:23 AM,-0.47,-14,L
2018-09-06,Thu,12:04 PM,5.9,180,H
2018-09-06,Thu,5:23 PM,2.27,69,L
2018-09-06,Thu,11:26 PM,7.57,231,H
2018-09-07,Fri,6:18 AM,-0.84,-26,L
2018-09-07,Fri,12:53 PM,6.41,195,H
2018-09-07,Fri,6:23 PM,1.72,52,L
2018-09-08,Sat,12:25 AM,7.87,240,H
2018-09-08,Sat,7:07 AM,-1.06,-32,L
2018-09-08,Sat,1:37 PM,6.88,210,H
2018-09-08,Sat,7:16 PM,1.15,35,L
2018-09-09,Sun,1:20 AM,8.03,245,H
2018-09-09,Sun,7:52 AM,-1.07,-33,L
2018-09-09,Sun,2:18 PM,7.27,222,H
2018-09-09,Sun,8:06 PM,0.63,19,L
2018-09-10,Mon,2:12 AM,8,244,H
2018-09-10,Mon,8:35 AM,-0.87,-27,L
2018-09-10,Mon,2:57 PM,7.54,230,H
2018-09-10,Mon,8:55 PM,0.24,7,L
2018-09-11,Tue,3:02 AM,7.77,237,H
2018-09-11,Tue,9:17 AM,-0.47,-14,L
2018-09-11,Tue,3:36 PM,7.67,234,H
2018-09-11,Tue,9:43 PM,0.03,1,L
2018-09-12,Wed,3:52 AM,7.36,224,H
2018-09-12,Wed,9:58 AM,0.1,3,L
2018-09-12,Wed,4:15 PM,7.64,233,H
2018-09-12,Wed,10:31 PM,0,0,L
2018-09-13,Thu,4:43 AM,6.83,208,H
2018-09-13,Thu,10:39 AM,0.77,23,L
2018-09-13,Thu,4:55 PM,7.46,227,H
2018-09-13,Thu,11:20 PM,0.12,4,L
2018-09-14,Fri,5:37 AM,6.25,190,H
2018-09-14,Fri,11:21 AM,1.48,45,L
2018-09-14,Fri,5:36 PM,7.16,218,H
2018-09-15,Sat,12:13 AM,0.35,11,L
2018-09-15,Sat,6:36 AM,5.71,174,H
2018-09-15,Sat,12:08 PM,2.15,66,L
2018-09-15,Sat,6:21 PM,6.8,207,H
2018-09-16,Sun,1:11 AM,0.61,19,L
2018-09-16,Sun,7:43 AM,5.3,162,H
2018-09-16,Sun,1:03 PM,2.7,82,L
2018-09-16,Sun,7:14 PM,6.44,196,H
2018-09-17,Mon,2:16 AM,0.82,25,L
2018-09-17,Mon,9:00 AM,5.12,156,H
2018-09-17,Mon,2:12 PM,3.05,93,L
2018-09-17,Mon,8:15 PM,6.17,188,H
2018-09-18,Tue,3:24 AM,0.9,27,L
2018-09-18,Tue,10:17 AM,5.18,158,H
2018-09-18,Tue,3:29 PM,3.13,95,L
2018-09-18,Tue,9:22 PM,6.07,185,H
2018-09-19,Wed,4:28 AM,0.82,25,L
2018-09-19,Wed,11:18 AM,5.4,165,H
2018-09-19,Wed,4:38 PM,2.95,90,L
2018-09-19,Wed,10:26 PM,6.14,187,H
2018-09-20,Thu,5:22 AM,0.67,20,L
2018-09-20,Thu,12:04 PM,5.68,173,H
2018-09-20,Thu,5:33 PM,2.61,80,L
2018-09-20,Thu,11:22 PM,6.34,193,H
2018-09-21,Fri,6:06 AM,0.49,15,L
2018-09-21,Fri,12:40 PM,5.98,182,H
2018-09-21,Fri,6:18 PM,2.21,67,L
2018-09-22,Sat,12:10 AM,6.56,200,H
2018-09-22,Sat,6:45 AM,0.34,10,L
2018-09-22,Sat,1:12 PM,6.27,191,H
2018-09-22,Sat,6:57 PM,1.78,54,L
2018-09-23,Sun,12:53 AM,6.76,206,H
2018-09-23,Sun,7:20 AM,0.27,8,L
2018-09-23,Sun,1:42 PM,6.55,200,H
2018-09-23,Sun,7:34 PM,1.37,42,L
2018-09-24,Mon,1:33 AM,6.9,210,H
2018-09-24,Mon,7:52 AM,0.29,9,L
2018-09-24,Mon,2:11 PM,6.81,208,H
2018-09-24,Mon,8:09 PM,0.99,30,L
2018-09-25,Tue,2:12 AM,6.95,212,H
2018-09-25,Tue,8:24 AM,0.42,13,L
2018-09-25,Tue,2:40 PM,7.03,214,H
2018-09-25,Tue,8:45 PM,0.66,20,L
2018-09-26,Wed,2:52 AM,6.9,210,H
2018-09-26,Wed,8:55 AM,0.66,20,L
2018-09-26,Wed,3:09 PM,7.2,219,H
2018-09-26,Wed,9:22 PM,0.4,12,L
2018-09-27,Thu,3:32 AM,6.75,206,H
2018-09-27,Thu,9:27 AM,1,30,L
2018-09-27,Thu,3:39 PM,7.32,223,H
2018-09-27,Thu,10:01 PM,0.21,6,L
2018-09-28,Fri,4:16 AM,6.5,198,H
2018-09-28,Fri,10:01 AM,1.41,43,L
2018-09-28,Fri,4:11 PM,7.36,224,H
2018-09-28,Fri,10:44 PM,0.12,4,L
2018-09-29,Sat,5:05 AM,6.18,188,H
2018-09-29,Sat,10:38 AM,1.87,57,L
2018-09-29,Sat,4:48 PM,7.33,223,H
2018-09-29,Sat,11:32 PM,0.12,4,L
2018-09-30,Sun,6:01 AM,5.83,178,H
2018-09-30,Sun,11:21 AM,2.34,71,L
2018-09-30,Sun,5:31 PM,7.2,219,H
2018-10-01,Mon,12:29 AM,0.19,6,L
2018-10-01,Mon,7:07 AM,5.55,169,H
2018-10-01,Mon,12:16 PM,2.77,84,L
2018-10-01,Mon,6:26 PM,7,213,H
2018-10-02,Tue,1:34 AM,0.26,8,L
2018-10-02,Tue,8:24 AM,5.46,166,H
2018-10-02,Tue,1:29 PM,3.04,93,L
2018-10-02,Tue,7:35 PM,6.8,207,H
2018-10-03,Wed,2:46 AM,0.25,8,L
2018-10-03,Wed,9:41 AM,5.64,172,H
2018-10-03,Wed,2:55 PM,3.01,92,L
2018-10-03,Wed,8:53 PM,6.75,206,H
2018-10-04,Thu,3:56 AM,0.12,4,L
2018-10-04,Thu,10:46 AM,6.03,184,H
2018-10-04,Thu,4:15 PM,2.61,80,L
2018-10-04,Thu,10:10 PM,6.87,209,H
2018-10-05,Fri,4:59 AM,-0.06,-2,L
2018-10-05,Fri,11:39 AM,6.52,199,H
2018-10-05,Fri,5:22 PM,1.98,60,L
2018-10-05,Fri,11:19 PM,7.11,217,H
2018-10-06,Sat,5:53 AM,-0.18,-5,L
2018-10-06,Sat,12:25 PM,7.03,214,H
2018-10-06,Sat,6:18 PM,1.27,39,L
2018-10-07,Sun,12:19 AM,7.35,224,H
2018-10-07,Sun,6:41 AM,-0.18,-5,L
2018-10-07,Sun,1:06 PM,7.48,228,H
2018-10-07,Sun,7:08 PM,0.58,18,L
2018-10-08,Mon,1:14 AM,7.5,229,H
2018-10-08,Mon,7:26 AM,-0.03,-1,L
2018-10-08,Mon,1:45 PM,7.83,239,H
2018-10-08,Mon,7:55 PM,0.03,1,L
2018-10-09,Tue,2:06 AM,7.5,229,H
2018-10-09,Tue,8:07 AM,0.28,9,L
2018-10-09,Tue,2:22 PM,8.03,245,H
2018-10-09,Tue,8:40 PM,-0.34,-10,L
2018-10-10,Wed,2:55 AM,7.35,224,H
2018-10-10,Wed,8:48 AM,0.71,22,L
2018-10-10,Wed,2:58 PM,8.06,246,H
2018-10-10,Wed,9:23 PM,-0.5,-15,L
2018-10-11,Thu,3:43 AM,7.08,216,H
2018-10-11,Thu,9:27 AM,1.24,38,L
2018-10-11,Thu,3:34 PM,7.92,241,H
2018-10-11,Thu,10:07 PM,-0.45,-14,L
2018-10-12,Fri,4:31 AM,6.72,205,H
2018-10-12,Fri,10:07 AM,1.8,55,L
2018-10-12,Fri,4:11 PM,7.64,233,H
2018-10-12,Fri,10:51 PM,-0.24,-7,L
2018-10-13,Sat,5:22 AM,6.32,193,H
2018-10-13,Sat,10:49 AM,2.35,72,L
2018-10-13,Sat,4:49 PM,7.25,221,H
2018-10-13,Sat,11:37 PM,0.1,3,L
2018-10-14,Sun,6:16 AM,5.95,181,H
2018-10-14,Sun,11:35 AM,2.84,87,L
2018-10-14,Sun,5:31 PM,6.79,207,H
2018-10-15,Mon,12:28 AM,0.47,14,L
2018-10-15,Mon,7:17 AM,5.65,172,H
2018-10-15,Mon,12:31 PM,3.22,98,L
2018-10-15,Mon,6:21 PM,6.34,193,H
2018-10-16,Tue,1:26 AM,0.82,25,L
2018-10-16,Tue,8:25 AM,5.51,168,H
2018-10-16,Tue,1:42 PM,3.42,104,L
2018-10-16,Tue,7:23 PM,5.96,182,H
2018-10-17,Wed,2:30 AM,1.05,32,L
2018-10-17,Wed,9:33 AM,5.57,170,H
2018-10-17,Wed,3:01 PM,3.36,102,L
2018-10-17,Wed,8:36 PM,5.75,175,H
2018-10-18,Thu,3:34 AM,1.14,35,L
2018-10-18,Thu,10:31 AM,5.77,176,H
2018-10-18,Thu,4:12 PM,3.04,93,L
2018-10-18,Thu,9:47 PM,5.75,175,H
2018-10-19,Fri,4:31 AM,1.11,34,L
2018-10-19,Fri,11:16 AM,6.07,185,H
2018-10-19,Fri,5:08 PM,2.57,78,L
2018-10-19,Fri,10:50 PM,5.92,180,H
2018-10-20,Sat,5:19 AM,1.04,32,L
2018-10-20,Sat,11:52 AM,6.4,195,H
2018-10-20,Sat,5:53 PM,2.03,62,L
2018-10-20,Sat,11:43 PM,6.17,188,H
2018-10-21,Sun,6:00 AM,0.99,30,L
2018-10-21,Sun,12:25 PM,6.76,206,H
2018-10-21,Sun,6:33 PM,1.46,45,L
2018-10-22,Mon,12:30 AM,6.42,196,H
2018-10-22,Mon,6:37 AM,1,30,L
2018-10-22,Mon,12:56 PM,7.12,217,H
2018-10-22,Mon,7:10 PM,0.9,27,L
2018-10-23,Tue,1:15 AM,6.63,202,H
2018-10-23,Tue,7:12 AM,1.08,33,L
2018-10-23,Tue,1:26 PM,7.45,227,H
2018-10-23,Tue,7:46 PM,0.39,12,L
2018-10-24,Wed,1:57 AM,6.78,207,H
2018-10-24,Wed,7:47 AM,1.25,38,L
2018-10-24,Wed,1:56 PM,7.72,235,H
2018-10-24,Wed,8:23 PM,-0.06,-2,L
2018-10-25,Thu,2:40 AM,6.84,208,H
2018-10-25,Thu,8:21 AM,1.49,45,L
2018-10-25,Thu,2:28 PM,7.93,242,H
2018-10-25,Thu,9:01 PM,-0.39,-12,L
2018-10-26,Fri,3:24 AM,6.8,207,H
2018-10-26,Fri,8:57 AM,1.8,55,L
2018-10-26,Fri,3:01 PM,8.04,245,H
2018-10-26,Fri,9:42 PM,-0.59,-18,L
2018-10-27,Sat,4:11 AM,6.67,203,H
2018-10-27,Sat,9:36 AM,2.15,66,L
2018-10-27,Sat,3:37 PM,8.02,244,H
2018-10-27,Sat,10:26 PM,-0.63,-19,L
2018-10-28,Sun,5:02 AM,6.46,197,H
2018-10-28,Sun,10:18 AM,2.52,77,L
2018-10-28,Sun,4:18 PM,7.86,240,H
2018-10-28,Sun,11:15 PM,-0.52,-16,L
2018-10-29,Mon,5:59 AM,6.25,190,H
2018-10-29,Mon,11:09 AM,2.86,87,L
2018-10-29,Mon,5:06 PM,7.55,230,H
2018-10-30,Tue,12:10 AM,-0.3,-9,L
2018-10-30,Tue,7:03 AM,6.1,186,H
2018-10-30,Tue,12:12 PM,3.12,95,L
2018-10-30,Tue,6:06 PM,7.14,218,H
2018-10-31,Wed,1:12 AM,-0.03,-1,L
2018-10-31,Wed,8:12 AM,6.12,187,H
2018-10-31,Wed,1:30 PM,3.18,97,L
2018-10-31,Wed,7:19 PM,6.73,205,H
2018-11-01,Thu,2:20 AM,0.21,6,L
2018-11-01,Thu,9:19 AM,6.35,194,H
2018-11-01,Thu,2:56 PM,2.92,89,L
2018-11-01,Thu,8:41 PM,6.47,197,H
2018-11-02,Fri,3:27 AM,0.38,12,L
2018-11-02,Fri,10:18 AM,6.73,205,H
2018-11-02,Fri,4:13 PM,2.33,71,L
2018-11-02,Fri,10:01 PM,6.43,196,H
2018-11-03,Sat,4:29 AM,0.51,16,L
2018-11-03,Sat,11:09 AM,7.19,219,H
2018-11-03,Sat,5:17 PM,1.58,48,L
2018-11-03,Sat,11:12 PM,6.56,200,H
2018-11-04,Sun,4:24 AM,0.65,20,L
2018-11-04,Sun,10:53 AM,7.63,233,H
2018-11-04,Sun,5:11 PM,0.81,25,L
2018-11-04,Sun,11:15 PM,6.74,205,H
2018-11-05,Mon,5:13 AM,0.85,26,L
2018-11-05,Mon,11:34 AM,8,244,H
2018-11-05,Mon,5:58 PM,0.15,5,L
2018-11-06,Tue,12:10 AM,6.89,210,H
2018-11-06,Tue,5:57 AM,1.12,34,L
2018-11-06,Tue,12:12 PM,8.25,251,H
2018-11-06,Tue,6:42 PM,-0.35,-11,L
2018-11-07,Wed,1:01 AM,6.97,212,H
2018-11-07,Wed,6:40 AM,1.46,45,L
2018-11-07,Wed,12:48 PM,8.35,255,H
2018-11-07,Wed,7:24 PM,-0.65,-20,L
2018-11-08,Thu,1:49 AM,6.95,212,H
2018-11-08,Thu,7:20 AM,1.83,56,L
2018-11-08,Thu,1:23 PM,8.29,253,H
2018-11-08,Thu,8:05 PM,-0.74,-23,L
2018-11-09,Fri,2:35 AM,6.84,208,H
2018-11-09,Fri,8:00 AM,2.22,68,L
2018-11-09,Fri,1:58 PM,8.1,247,H
2018-11-09,Fri,8:44 PM,-0.65,-20,L
2018-11-10,Sat,3:20 AM,6.66,203,H
2018-11-10,Sat,8:40 AM,2.61,80,L
2018-11-10,Sat,2:33 PM,7.78,237,H
2018-11-10,Sat,9:25 PM,-0.41,-12,L
2018-11-11,Sun,4:06 AM,6.43,196,H
2018-11-11,Sun,9:21 AM,2.96,90,L
2018-11-11,Sun,3:10 PM,7.37,225,H
2018-11-11,Sun,10:06 PM,-0.08,-2,L
2018-11-12,Mon,4:55 AM,6.2,189,H
2018-11-12,Mon,10:07 AM,3.26,99,L
2018-11-12,Mon,3:50 PM,6.91,211,H
2018-11-12,Mon,10:51 PM,0.31,9,L
2018-11-13,Tue,5:47 AM,6.01,183,H
2018-11-13,Tue,11:00 AM,3.48,106,L
2018-11-13,Tue,4:36 PM,6.43,196,H
2018-11-13,Tue,11:40 PM,0.69,21,L
2018-11-14,Wed,6:44 AM,5.92,180,H
2018-11-14,Wed,12:05 PM,3.56,109,L
2018-11-14,Wed,5:33 PM,5.98,182,H
2018-11-15,Thu,12:34 AM,1.02,31,L
2018-11-15,Thu,7:41 AM,5.97,182,H
2018-11-15,Thu,1:21 PM,3.44,105,L
2018-11-15,Thu,6:42 PM,5.63,172,H
2018-11-16,Fri,1:32 AM,1.27,39,L
2018-11-16,Fri,8:34 AM,6.15,187,H
2018-11-16,Fri,2:33 PM,3.08,94,L
2018-11-16,Fri,7:57 PM,5.47,167,H
2018-11-17,Sat,2:29 AM,1.44,44,L
2018-11-17,Sat,9:19 AM,6.44,196,H
2018-11-17,Sat,3:32 PM,2.55,78,L
2018-11-17,Sat,9:08 PM,5.52,168,H
2018-11-18,Sun,3:21 AM,1.55,47,L
2018-11-18,Sun,9:59 AM,6.8,207,H
2018-11-18,Sun,4:21 PM,1.91,58,L
2018-11-18,Sun,10:10 PM,5.72,174,H
2018-11-19,Mon,4:07 AM,1.65,50,L
2018-11-19,Mon,10:35 AM,7.2,219,H
2018-11-19,Mon,5:04 PM,1.23,37,L
2018-11-19,Mon,11:05 PM,6,183,H
2018-11-20,Tue,4:50 AM,1.76,54,L
2018-11-20,Tue,11:09 AM,7.61,232,H
2018-11-20,Tue,5:44 PM,0.55,17,L
2018-11-20,Tue,11:56 PM,6.3,192,H
2018-11-21,Wed,5:31 AM,1.89,58,L
2018-11-21,Wed,11:43 AM,8,244,H
2018-11-21,Wed,6:23 PM,-0.08,-2,L
2018-11-22,Thu,12:43 AM,6.56,200,H
2018-11-22,Thu,6:11 AM,2.04,62,L
2018-11-22,Thu,12:17 PM,8.33,254,H
2018-11-22,Thu,7:02 PM,-0.61,-19,L
2018-11-23,Fri,1:30 AM,6.75,206,H
2018-11-23,Fri,6:51 AM,2.21,67,L
2018-11-23,Fri,12:54 PM,8.56,261,H
2018-11-23,Fri,7:44 PM,-0.99,-30,L
2018-11-24,Sat,2:17 AM,6.85,209,H
2018-11-24,Sat,7:33 AM,2.4,73,L
2018-11-24,Sat,1:33 PM,8.66,264,H
2018-11-24,Sat,8:27 PM,-1.19,-36,L
2018-11-25,Sun,3:05 AM,6.86,209,H
2018-11-25,Sun,8:18 AM,2.6,79,L
2018-11-25,Sun,2:15 PM,8.58,262,H
2018-11-25,Sun,9:12 PM,-1.19,-36,L
2018-11-26,Mon,3:56 AM,6.81,208,H
2018-11-26,Mon,9:07 AM,2.79,85,L
2018-11-26,Mon,3:01 PM,8.3,253,H
2018-11-26,Mon,10:01 PM,-0.99,-30,L
2018-11-27,Tue,4:50 AM,6.74,205,H
2018-11-27,Tue,10:03 AM,2.96,90,L
2018-11-27,Tue,3:54 PM,7.84,239,H
2018-11-27,Tue,10:54 PM,-0.65,-20,L
2018-11-28,Wed,5:48 AM,6.72,205,H
2018-11-28,Wed,11:09 AM,3.03,92,L
2018-11-28,Wed,4:55 PM,7.25,221,H
2018-11-28,Wed,11:50 PM,-0.19,-6,L
2018-11-29,Thu,6:48 AM,6.81,208,H
2018-11-29,Thu,12:26 PM,2.92,89,L
2018-11-29,Thu,6:07 PM,6.65,203,H
2018-11-30,Fri,12:51 AM,0.29,9,L
2018-11-30,Fri,7:48 AM,7.02,214,H
2018-11-30,Fri,1:46 PM,2.54,77,L
2018-11-30,Fri,7:27 PM,6.19,189,H
2018-12-01,Sat,1:53 AM,0.75,23,L
2018-12-01,Sat,8:43 AM,7.33,223,H
2018-12-01,Sat,3:01 PM,1.93,59,L
2018-12-01,Sat,8:49 PM,5.98,182,H
2018-12-02,Sun,2:54 AM,1.17,36,L
2018-12-02,Sun,9:34 AM,7.67,234,H
2018-12-02,Sun,4:05 PM,1.21,37,L
2018-12-02,Sun,10:05 PM,6.01,183,H
2018-12-03,Mon,3:51 AM,1.53,47,L
2018-12-03,Mon,10:20 AM,7.99,244,H
2018-12-03,Mon,4:59 PM,0.52,16,L
2018-12-03,Mon,11:11 PM,6.18,188,H
2018-12-04,Tue,4:43 AM,1.86,57,L
2018-12-04,Tue,11:02 AM,8.24,251,H
2018-12-04,Tue,5:46 PM,-0.04,-1,L
2018-12-05,Wed,12:08 AM,6.38,194,H
2018-12-05,Wed,5:31 AM,2.15,66,L
2018-12-05,Wed,11:42 AM,8.37,255,H
2018-12-05,Wed,6:29 PM,-0.44,-13,L
2018-12-06,Thu,12:59 AM,6.54,199,H
2018-12-06,Thu,6:15 AM,2.41,73,L
2018-12-06,Thu,12:19 PM,8.39,256,H
2018-12-06,Thu,7:09 PM,-0.66,-20,L
2018-12-07,Fri,1:44 AM,6.64,202,H
2018-12-07,Fri,6:57 AM,2.64,80,L
2018-12-07,Fri,12:55 PM,8.3,253,H
2018-12-07,Fri,7:48 PM,-0.71,-22,L
2018-12-08,Sat,2:27 AM,6.67,203,H
2018-12-08,Sat,7:38 AM,2.84,87,L
2018-12-08,Sat,1:31 PM,8.11,247,H
2018-12-08,Sat,8:25 PM,-0.63,-19,L
2018-12-09,Sun,3:07 AM,6.63,202,H
2018-12-09,Sun,8:18 AM,3.02,92,L
2018-12-09,Sun,2:06 PM,7.84,239,H
2018-12-09,Sun,9:02 PM,-0.44,-13,L
2018-12-10,Mon,3:48 AM,6.54,199,H
2018-12-10,Mon,8:58 AM,3.17,97,L
2018-12-10,Mon,2:43 PM,7.49,228,H
2018-12-10,Mon,9:40 PM,-0.17,-5,L
2018-12-11,Tue,4:29 AM,6.43,196,H
2018-12-11,Tue,9:42 AM,3.3,101,L
2018-12-11,Tue,3:21 PM,7.09,216,H
2018-12-11,Tue,10:19 PM,0.15,5,L
2018-12-12,Wed,5:13 AM,6.33,193,H
2018-12-12,Wed,10:30 AM,3.39,103,L
2018-12-12,Wed,4:03 PM,6.63,202,H
2018-12-12,Wed,11:00 PM,0.52,16,L
2018-12-13,Thu,5:58 AM,6.29,192,H
2018-12-13,Thu,11:26 AM,3.4,104,L
2018-12-13,Thu,4:52 PM,6.15,187,H
2018-12-13,Thu,11:43 PM,0.9,27,L
2018-12-14,Fri,6:45 AM,6.34,193,H
2018-12-14,Fri,12:31 PM,3.28,100,L
2018-12-14,Fri,5:52 PM,5.7,174,H
2018-12-15,Sat,12:30 AM,1.29,39,L
2018-12-15,Sat,7:32 AM,6.48,198,H
2018-12-15,Sat,1:40 PM,2.97,91,L
2018-12-15,Sat,7:03 PM,5.36,163,H
2018-12-16,Sun,1:22 AM,1.65,50,L
2018-12-16,Sun,8:17 AM,6.72,205,H
2018-12-16,Sun,2:45 PM,2.47,75,L
2018-12-16,Sun,8:20 PM,5.23,159,H
2018-12-17,Mon,2:16 AM,1.97,60,L
2018-12-17,Mon,9:01 AM,7.06,215,H
2018-12-17,Mon,3:41 PM,1.82,55,L
2018-12-17,Mon,9:34 PM,5.33,162,H
2018-12-18,Tue,3:09 AM,2.23,68,L
2018-12-18,Tue,9:42 AM,7.46,227,H
2018-12-18,Tue,4:31 PM,1.08,33,L
2018-12-18,Tue,10:40 PM,5.61,171,H
2018-12-19,Wed,4:02 AM,2.42,74,L
2018-12-19,Wed,10:23 AM,7.89,240,H
2018-12-19,Wed,5:16 PM,0.34,10,L
2018-12-19,Wed,11:37 PM,5.98,182,H
2018-12-20,Thu,4:52 AM,2.54,77,L
2018-12-20,Thu,11:04 AM,8.32,254,H
2018-12-20,Thu,6:00 PM,-0.36,-11,L
2018-12-21,Fri,12:29 AM,6.35,194,H
2018-12-21,Fri,5:40 AM,2.6,79,L
2018-12-21,Fri,11:46 AM,8.69,265,H
2018-12-21,Fri,6:44 PM,-0.94,-29,L
2018-12-22,Sat,1:18 AM,6.68,204,H
2018-12-22,Sat,6:28 AM,2.62,80,L
2018-12-22,Sat,12:30 PM,8.95,273,H
2018-12-22,Sat,7:28 PM,-1.34,-41,L
2018-12-23,Sun,2:06 AM,6.92,211,H
2018-12-23,Sun,7:16 AM,2.6,79,L
2018-12-23,Sun,1:15 PM,9.04,276,H
2018-12-23,Sun,8:12 PM,-1.54,-47,L
2018-12-24,Mon,2:53 AM,7.09,216,H
2018-12-24,Mon,8:06 AM,2.58,79,L
2018-12-24,Mon,2:02 PM,8.93,272,H
2018-12-24,Mon,8:58 PM,-1.5,-46,L
2018-12-25,Tue,3:42 AM,7.19,219,H
2018-12-25,Tue,8:59 AM,2.56,78,L
2018-12-25,Tue,2:53 PM,8.58,262,H
2018-12-25,Tue,9:46 PM,-1.23,-37,L
2018-12-26,Wed,4:31 AM,7.25,221,H
2018-12-26,Wed,9:56 AM,2.54,77,L
2018-12-26,Wed,3:47 PM,8.02,244,H
2018-12-26,Wed,10:34 PM,-0.76,-23,L
2018-12-27,Thu,5:22 AM,7.3,223,H
2018-12-27,Thu,10:59 AM,2.48,76,L
2018-12-27,Thu,4:46 PM,7.31,223,H
2018-12-27,Thu,11:26 PM,-0.14,-4,L
2018-12-28,Fri,6:15 AM,7.38,225,H
2018-12-28,Fri,12:10 PM,2.32,71,L
2018-12-28,Fri,5:54 PM,6.57,200,H
2018-12-29,Sat,12:20 AM,0.55,17,L
2018-12-29,Sat,7:09 AM,7.5,229,H
2018-12-29,Sat,1:25 PM,2.01,61,L
2018-12-29,Sat,7:11 PM,5.96,182,H
2018-12-30,Sun,1:17 AM,1.24,38,L
2018-12-30,Sun,8:03 AM,7.65,233,H
2018-12-30,Sun,2:39 PM,1.54,47,L
2018-12-30,Sun,8:34 PM,5.62,171,H
2018-12-31,Mon,2:18 AM,1.85,56,L
2018-12-31,Mon,8:56 AM,7.81,238,H
2018-12-31,Mon,3:46 PM,0.99,30,L
2018-12-31,Mon,9:55 PM,5.54,169,H
